subgroup,post_minus_pre,se,ci_lower,ci_upper,n
full,0.008182,0.000652,0.006903,0.009461,282271
corporate,0.010456,0.001608,0.007304,0.013608,99187
individual,0.005949,0.000734,0.00451,0.007388,182218
highfiler_portfolio,0.006476,0.006426,-0.006119,0.01907,16637
lowfiler_portfolio,0.007079,0.005302,-0.003314,0.017471,16873
nonfiler_has_portfolio,0.006986,0.003428,0.000267,0.013706,22252
singlepurchase,0.006629,0.000691,0.005275,0.007983,225864
