term,estimate,std_error,t_value,p_value,spec,n,r2,treated_pids,treated_rows,treated_event_rows,control_pids
event_time::-3,0.007678,0.001069,7.18,0,pct_white_tract_year,1976084,0.8847,64291,690045,340992,117397
event_time::-1,0.01013,0.001108,9.14,0,pct_white_tract_year,1976084,0.8847,64291,690045,340992,117397
event_time::0,0.003726,0.001293,2.88,0.004,pct_white_tract_year,1976084,0.8847,64291,690045,340992,117397
event_time::1,-0.025249,0.001538,-16.42,0,pct_white_tract_year,1976084,0.8847,64291,690045,340992,117397
event_time::2,-0.015953,0.001506,-10.59,0,pct_white_tract_year,1976084,0.8847,64291,690045,340992,117397
event_time::3,-0.012301,0.001599,-7.69,0,pct_white_tract_year,1976084,0.8847,64291,690045,340992,117397
event_time::4,-0.01207,0.001638,-7.37,0,pct_white_tract_year,1976084,0.8847,64291,690045,340992,117397
event_time::5,-0.010903,0.001464,-7.45,0,pct_white_tract_year,1976084,0.8847,64291,690045,340992,117397
