term,estimate,std_error,t_value,p_value,spec,n,r2,treated_pids,treated_rows,treated_event_rows,control_pids
event_time::-3,-0.003352,0.000851,-3.94,1e-04,pct_latino_tract_year,1976084,0.7339,64291,690045,340992,117397
event_time::-1,-0.003074,0.000825,-3.73,2e-04,pct_latino_tract_year,1976084,0.7339,64291,690045,340992,117397
event_time::0,-0.000993,0.000796,-1.25,0.2123,pct_latino_tract_year,1976084,0.7339,64291,690045,340992,117397
event_time::1,0.00387,0.000925,4.18,0,pct_latino_tract_year,1976084,0.7339,64291,690045,340992,117397
event_time::2,0.004328,0.000856,5.06,0,pct_latino_tract_year,1976084,0.7339,64291,690045,340992,117397
event_time::3,0.005629,0.001083,5.2,0,pct_latino_tract_year,1976084,0.7339,64291,690045,340992,117397
event_time::4,0.004118,0.000838,4.91,0,pct_latino_tract_year,1976084,0.7339,64291,690045,340992,117397
event_time::5,0.003943,0.001,3.94,1e-04,pct_latino_tract_year,1976084,0.7339,64291,690045,340992,117397
