n_complete,mean_abs_dev,p99_abs_dev,max_abs_dev,n_gt_0_001,n_gt_0_01
1978692,2.5155740019285e-16,9.99200722162641e-16,2.22044604925031e-15,0,0
