term,estimate,std_error,t_value,p_value,spec,n,r2,treated_pids,treated_rows,treated_event_rows,control_pids
event_time::-3,-7.3e-05,0.000111,-0.66,0.5106,pct_other_tract_year,1976084,0.4237,64291,690045,340992,117397
event_time::-1,-4.7e-05,0.000133,-0.35,0.724,pct_other_tract_year,1976084,0.4237,64291,690045,340992,117397
event_time::0,0.000445,0.000178,2.5,0.0123,pct_other_tract_year,1976084,0.4237,64291,690045,340992,117397
event_time::1,0.002795,0.000243,11.52,0,pct_other_tract_year,1976084,0.4237,64291,690045,340992,117397
event_time::2,0.001698,0.000217,7.83,0,pct_other_tract_year,1976084,0.4237,64291,690045,340992,117397
event_time::3,0.000678,0.000197,3.44,6e-04,pct_other_tract_year,1976084,0.4237,64291,690045,340992,117397
event_time::4,0.000265,0.000193,1.37,0.1698,pct_other_tract_year,1976084,0.4237,64291,690045,340992,117397
event_time::5,0.000512,0.000206,2.48,0.0131,pct_other_tract_year,1976084,0.4237,64291,690045,340992,117397
