term,estimate,std_error,t_value,p_value,spec,n,r2,treated_pids,treated_rows,treated_event_rows,control_pids
event_time::-3,-0.000667,0.000883,-0.76,0.4501,pct_black_tract_year,1976084,0.8995,64291,690045,340992,117397
event_time::-1,-0.002097,0.001054,-1.99,0.0466,pct_black_tract_year,1976084,0.8995,64291,690045,340992,117397
event_time::0,-0.006396,0.001177,-5.43,0,pct_black_tract_year,1976084,0.8995,64291,690045,340992,117397
event_time::1,-0.019358,0.001355,-14.29,0,pct_black_tract_year,1976084,0.8995,64291,690045,340992,117397
event_time::2,-0.011652,0.001429,-8.16,0,pct_black_tract_year,1976084,0.8995,64291,690045,340992,117397
event_time::3,-0.001338,0.001593,-0.84,0.401,pct_black_tract_year,1976084,0.8995,64291,690045,340992,117397
event_time::4,0.001056,0.001568,0.67,0.5007,pct_black_tract_year,1976084,0.8995,64291,690045,340992,117397
event_time::5,0.000739,0.001401,0.53,0.5979,pct_black_tract_year,1976084,0.8995,64291,690045,340992,117397
