term,estimate,std_error,t_value,p_value,spec,n,r2,treated_pids,treated_rows,treated_event_rows,control_pids
event_time::-3,-0.003586,0.000495,-7.25,0,pct_asian_tract_year,1976084,0.5588,64291,690045,340992,117397
event_time::-1,-0.004913,0.000625,-7.86,0,pct_asian_tract_year,1976084,0.5588,64291,690045,340992,117397
event_time::0,0.003218,0.000705,4.56,0,pct_asian_tract_year,1976084,0.5588,64291,690045,340992,117397
event_time::1,0.037942,0.001003,37.82,0,pct_asian_tract_year,1976084,0.5588,64291,690045,340992,117397
event_time::2,0.021579,0.000903,23.91,0,pct_asian_tract_year,1976084,0.5588,64291,690045,340992,117397
event_time::3,0.007333,0.000847,8.66,0,pct_asian_tract_year,1976084,0.5588,64291,690045,340992,117397
event_time::4,0.006631,0.000912,7.27,0,pct_asian_tract_year,1976084,0.5588,64291,690045,340992,117397
event_time::5,0.00571,0.000805,7.09,0,pct_asian_tract_year,1976084,0.5588,64291,690045,340992,117397
