event_time,mean_filing_rate,mean_filings,n,mean_violations
-3,0.0344814501611149,0.0615414110429448,156480,0.343794734151329
-2,0.03484009914611,0.0613510806706943,154765,0.397305592349692
-1,0.0414460072843559,0.0680247080920938,154929,0.458145343996282
0,0.0341128697231981,0.0619754920163387,161580,0.479576680282213
1,0.0494648649470371,0.0798705966930266,166920,0.391564821471364
2,0.0574611224733028,0.0907047585248277,169065,0.335297075089463
3,0.0565611045994119,0.0915943339540362,168089,0.31454170112262
4,0.055096903032318,0.089355762520155,166212,0.310970327052198
5,0.0539147309209123,0.0851677897205631,164581,0.305715726602706
