term,estimate,std_error,t_value,p_value,spec,n,r2,treated_pids,treated_rows,treated_event_rows,control_pids
event_time::-3,0.000745,0.00271,0.27,0.7835,occupancy_rate_tract_year,2594104,0.6756,66417,912489,464380,123070
event_time::-1,-0.002072,0.002843,-0.73,0.4662,occupancy_rate_tract_year,2594104,0.6756,66417,912489,464380,123070
event_time::0,-0.00669,0.003137,-2.13,0.033,occupancy_rate_tract_year,2594104,0.6756,66417,912489,464380,123070
event_time::1,-0.01115,0.003466,-3.22,0.0013,occupancy_rate_tract_year,2594104,0.6756,66417,912489,464380,123070
event_time::2,-0.01147,0.003581,-3.2,0.0014,occupancy_rate_tract_year,2594104,0.6756,66417,912489,464380,123070
event_time::3,-0.01252,0.003979,-3.15,0.0017,occupancy_rate_tract_year,2594104,0.6756,66417,912489,464380,123070
event_time::4,-0.007585,0.003976,-1.91,0.0564,occupancy_rate_tract_year,2594104,0.6756,66417,912489,464380,123070
event_time::5,-0.008947,0.003239,-2.76,0.0057,occupancy_rate_tract_year,2594104,0.6756,66417,912489,464380,123070
