event_time,mean_rate,se,n
-3,0.0344814501611149,0.000498622319888334,156480
-2,0.03484009914611,0.000501427830150757,154765
-1,0.0414460072843559,0.000540807082888901,154929
0,0.0341128697231981,0.000493041392556619,161580
1,0.0494648649470371,0.000565429788705647,166920
2,0.0574611224733028,0.000610150939463749,169065
3,0.0565611045994119,0.000607538859869971,168089
4,0.055096903032318,0.000603185483909228,166212
5,0.0539147309209123,0.000598125652611693,164581
