term,estimate,std_error,t_value,p_value,spec,n,r2,treated_pids,treated_rows,treated_event_rows,control_pids
event_time::-3,0.00113,0.005689,0.2,0.8425,log_income_tract_year,1921309,0.7308,63634,685266,339796,113035
event_time::-1,-0.000433,0.005692,-0.08,0.9394,log_income_tract_year,1921309,0.7308,63634,685266,339796,113035
event_time::0,-0.004716,0.005735,-0.82,0.4109,log_income_tract_year,1921309,0.7308,63634,685266,339796,113035
event_time::1,-0.001226,0.005665,-0.22,0.8286,log_income_tract_year,1921309,0.7308,63634,685266,339796,113035
event_time::2,0.015008,0.007041,2.13,0.0331,log_income_tract_year,1921309,0.7308,63634,685266,339796,113035
event_time::3,0.031533,0.006705,4.7,0,log_income_tract_year,1921309,0.7308,63634,685266,339796,113035
event_time::4,0.023394,0.007297,3.21,0.0013,log_income_tract_year,1921309,0.7308,63634,685266,339796,113035
event_time::5,0.020653,0.006628,3.12,0.0018,log_income_tract_year,1921309,0.7308,63634,685266,339796,113035
