event_time,mean_filing_rate,mean_violations,mean_filings,n
-3,0.0333971006827209,0.338572041303638,0.0597788859796811,156209
-2,0.0342409016810999,0.391683668512581,0.0598853589818323,154395
-1,0.0409011860746814,0.451880924362141,0.067342135550699,154658
0,0.0332511154302999,0.471672700762397,0.0607137120191773,161858
1,0.0480748905171588,0.379801082084888,0.0766327994333637,168009
2,0.055810678236214,0.3259267928724,0.0874740322439067,170885
3,0.0548606500366771,0.304917705618558,0.0886337489140898,170364
4,0.0534030852046028,0.302918215282841,0.086811421525913,168699
5,0.0520457040030096,0.297650130548303,0.0827282806967345,167754
