num_units_bin,sd_resid,n
1,0.124293097340404,71397
2-5,0.0893722904199773,37620
21-50,0.101947196663316,2206
51+,0.0924649898890925,1385
6-20,0.0940688423463452,4031
