model,description,r2,adj_r2,n,delta_r2,between_nhood_share_raw
M0,Intercept only,,,188611,,0.130755658889624
M1,Zip FE + building chars + rental share,0.158380527662773,0.157942981797248,188602,,0.130755658889624
M2,Tract FE + building chars + rental share,0.221571056789648,0.219788136148739,188608,0.0631905291268753,0.130755658889624
M3,Tract FE + building + pct_black + rental share,0.247342850288855,0.245417159487127,167713,0.0257717934992076,0.130755658889624
M4,Tract FE + building + pct_black + rental share + landlord (entity portfolio),0.258719274852909,0.256773818991296,167713,0.0113764245640535,0.130755658889624
M5,Tract FE + building + pct_black + rental share + landlord (conglomerate portfolio),0.258733175859533,0.256787756480448,167713,0.0113903255706772,0.130755658889624
