num_units_bin,sd_resid,n
1,0.114314484470647,70348
2-5,0.0942266709841979,36604
21-50,0.0961651429192967,1869
51+,0.0829687941822886,1189
6-20,0.0935478961312476,3715
