term,estimate,std_error,conf_low,conf_high,timing
total_severe_complaints_lead_3,-0.0338270077695299,0.00461289806917468,-0.0428682879851122,-0.0247857275539475,-3
total_severe_complaints_lead_2,-0.0287690040628493,0.00485836427295255,-0.0382913980378363,-0.0192466100878623,-2
total_severe_complaints_lead_1,0.00509071017041752,0.00527580238233863,-0.00524986249896621,0.0154312828398012,-1
total_severe_complaints,0.112466124216008,0.00565357896346929,0.101385109447608,0.123547138984407,0
total_severe_complaints_lag_1,0.0670523673988018,0.00590749742687776,0.0554736724421214,0.0786310623554822,1
total_severe_complaints_lag_2,0.0244880584755709,0.00631322072428177,0.0121141458559786,0.0368619710951631,2
total_severe_complaints_lag_3,0.0389613778886771,0.0064157165450301,0.0263865734604181,0.0515361823169361,3
