spec,outcome,term,estimate,std_error,t_value,p_value,conf_low,conf_high,n_obs
months_back_rent_on_retaliatory_severe,months_back_rent,retaliatory_status::same_period_severe,-0.0273397830567003,0.0130712087070677,-2.09160328393483,0.0364740185292128,-0.0529593521225529,-0.00172021399084762,115043
months_back_rent_on_retaliatory_severe,months_back_rent,retaliatory_status::within_bw_severe_not_same_period,0.00463973026122615,0.00956056005815549,0.485299002673834,0.627464262846021,-0.0140989674527586,0.0233784279752109,115043
months_back_rent_on_retaliatory_severe_x_high_black,months_back_rent,retaliatory_status::same_period_severe,0.02485329370431,0.0264825014232994,0.938479840217962,0.347997872451442,-0.0270524090853569,0.0767589964939769,90679
months_back_rent_on_retaliatory_severe_x_high_black,months_back_rent,retaliatory_status::within_bw_severe_not_same_period,0.0281488715565081,0.0174450626611071,1.61357239600317,0.106620208341075,-0.00604345125926192,0.0623411943722781,90679
months_back_rent_on_retaliatory_severe_x_high_black,months_back_rent,high_black_split,0.0172049869845437,0.0226555523387561,0.759415913913153,0.447603796786054,-0.0271998955994182,0.0616098695685057,90679
months_back_rent_on_retaliatory_severe_x_high_black,months_back_rent,high_black_split:retaliatory_status::same_period_severe,-0.0797247009337667,0.0310096110584252,-2.57096745855849,0.0101414855856243,-0.14050353860828,-0.0189458632592532,90679
months_back_rent_on_retaliatory_severe_x_high_black,months_back_rent,high_black_split:retaliatory_status::within_bw_severe_not_same_period,-0.0471064685681994,0.0216055436656316,-2.18029545089081,0.0292355680639676,-0.0894533341528374,-0.00475960298356142,90679
