retaliatory_status,N,share
non_retaliatory,128019,0.736732157038776
retaliatory,23982,0.138013190152274
plausibly_retaliatory,21765,0.12525465280895
