retaliatory_status,n_cases,mean_case_p_female,mean_tenant_pct_female,mean_gap_case_minus_tenant,mean_abs_gap_case_minus_tenant
non_retaliatory,92985,0.653970719201231,0.623685536422019,0.0302851827792127,0.358014974373592
plausibly_retaliatory,18584,0.615923048468473,0.620554781938852,-0.00463173347037974,0.381286514972093
retaliatory,22088,0.610911158396716,0.61192205074244,-0.00101089234572429,0.381897961009176
