sample,stem,term,baseline,tenant_augmented,estimate_delta
full,complaint,filed_complaint,0.0262574970243048,0.0259737674452966,-0.000283729579008251
full,non_severe,filed_non_severe,0.00426847474747893,0.00427432359728837,5.84884980943824e-06
full,severe,filed_severe,0.0458956971197818,0.0452589909619639,-0.000636706157817905
pre,complaint,filed_complaint,0.0325826045932459,0.0323403490081067,-0.000242255585139212
pre,non_severe,filed_non_severe,0.00485234408836949,0.00491575078609412,6.34066977246326e-05
pre,severe,filed_severe,0.0585880749613312,0.0579216148202647,-0.000666460141066576
