source,n_obs,female_share_used,male_share_used,race_p_white,race_p_black,race_p_hispanic,race_p_asian,race_p_other,share_white_female,share_white_male,share_black_female,share_black_male,share_hispanic_female,share_hispanic_male,share_asian_female,share_asian_male,share_other_female,share_other_male,notes
eviction_cases_observed_probabilities,255301,0,0,0,0,0,0,0,0,0,0,0,0,0,0,0,0,0,Case-level WRU race probabilities and case-level gender probabilities.
tract_prior_case_weighted_x_evictions,255152,0,0,-0.0967912066370164,-0.0107611224655656,0.0567574299099524,0.0336151134453576,0.0171797857472721,-0.0604565959225515,-0.0363346107144649,-0.00672148695297892,-0.00403963551258668,0.0354511646759062,0.0213062652340462,0.0209962805617045,0.0126188328836531,0.0107306376379198,0.0064491481093523,Tract priors joined to eviction cases; female share uses eviction case mean (placeholder).
bg_prior_city_average_placeholder,1329,0,0,-0.00431714138122119,-0.138666609474127,0.0737657316337544,0.049670290323183,0.0195477288984105,-0.00269652255709352,-0.00162061882412767,-0.0866123222160706,-0.0520542872580561,0.0460746919607855,0.0276910396729689,0.0310244781086971,0.0186458122144859,0.0122096747036815,0.00733805419472902,BG priors population-weighted city average; female share uses eviction case mean (placeholder).
infousa_persons_all_ok,15557671,-0.0619296829640128,0.0619296829640128,0.186522647018488,-0.19940679203406,0.0024661223806757,0.00989750248741201,0.000520520147484469,0.0819837603163332,0.104538886702155,-0.1468614471971,-0.0525453448369603,-0.00190616808786936,0.00437229046854506,0.00464084797742267,0.00525665450998934,0.000213324027200391,0.000307196120284078,InfoUSA race-imputed person file; female share from known F/M only (coverage=0.1108).
infousa_persons_in_eviction_data_ok,2628023,-0.0333753217344368,0.0333753217344368,0.102409897130927,-0.11345482276265,0.00455225459291241,0.00569183833718658,0.000800832701623261,0.0481698347984397,0.0542400623324877,-0.0857570348311002,-0.0276977879315494,0.000916337790773096,0.00363591680213931,0.00286493930476454,0.00282689903242204,0.000430601202686071,0.00037023149893719,InfoUSA race-imputed person file; female share from known F/M only (coverage=0.1193).
