filing_rate_eb_pre_covid_cuts,n_cases,retaliatory_share,plausibly_retaliatory_share,non_retaliatory_share,mean_case_p_female,mean_case_p_male
(0-5%],50890,0.120357634112792,0.11285124778935,0.766791118097858,0.65522286269317,0.344777137306833
(5-10%],44468,0.150287847440856,0.124583970495637,0.725128182063506,0.621413743787546,0.378586256212454
(10-20%],60603,0.149629556292593,0.133458739666353,0.716911704041054,0.621232114685899,0.378767885314102
20%+,98041,0.257106720657684,0.177986760640956,0.56490651870136,0.613257088950719,0.386742911049282
missing,1876,0.052771855010661,0.0671641791044776,0.880063965884861,0.587939175308522,0.412060824691478
