n_cases,retaliatory_share,plausibly_retaliatory_share,non_retaliatory_share,mean_case_p_female,mean_case_p_male
255878,0.184392562080366,0.144393031053862,0.671214406865772,0.624724125709149,0.375275874290848
