bandwidth_periods,eviction_rows,same_period_n,within_bw_n,plausible_only_n,non_retaliatory_n,time_unit,same_period_share,within_bw_share,plausible_only_share,non_retaliatory_share,same_month_n,same_month_share
1,9662,609,1412,803,8250,month,0.0630304284827158,0.146139515628234,0.0831090871455185,0.853860484371766,609,0.0630304284827158
2,9662,609,1948,1339,7714,month,0.0630304284827158,0.201614572552267,0.138584144069551,0.798385427447733,609,0.0630304284827158
3,9662,609,2364,1755,7298,month,0.0630304284827158,0.24466984061271,0.181639412129994,0.75533015938729,609,0.0630304284827158
4,9662,609,2695,2086,6967,month,0.0630304284827158,0.27892775822811,0.215897329745394,0.72107224177189,609,0.0630304284827158
5,9662,609,2970,2361,6692,month,0.0630304284827158,0.307389774373836,0.24435934589112,0.692610225626164,609,0.0630304284827158
6,9662,609,3196,2587,6466,month,0.0630304284827158,0.330780376733596,0.26774994825088,0.669219623266405,609,0.0630304284827158
