retaliatory_status,n_cases,mean_black_female_case,mean_tenant_black_female_share,mean_gap_case_minus_tenant,mean_abs_gap_case_minus_tenant
non_retaliatory,65386,0.511760927415655,0.399003571519183,0.112757355896472,0.307306618457359
plausibly_retaliatory,12557,0.442143824161822,0.348354690413884,0.0937891337479382,0.316086168529665
retaliatory,14883,0.430088019888463,0.336452655761754,0.0936353641267091,0.320278266538874
