term,estimate,std_error,stat_value,p_value,model,conf_low,conf_high
retaliatory_status::plausibly_retaliatory,0.0103212742784141,0.00284544052775736,3.62730275953046,0.000286659879137644,fe_white_female_case_lpm,0.00474421084400966,0.0158983377128185
retaliatory_status::retaliatory,0.0131116416403922,0.00273573733518112,4.79272679865084,1.64964376927889e-06,fe_white_female_case_lpm,0.00774959646343718,0.0184736868173472
retaliatory_status::plausibly_retaliatory,0.000217669954029556,0.00300646863601561,0.0724005404287298,0.942283421623285,fe_black_male_case_lpm,-0.00567500857256105,0.00611034848062016
retaliatory_status::retaliatory,-0.00161525511791642,0.00329586072481461,-0.490085975343293,0.624075043702069,fe_black_male_case_lpm,-0.00807514213855304,0.00484463190272021
retaliatory_status::plausibly_retaliatory,-0.00228299727154793,0.00347454311581073,-0.657064021211673,0.511142539254124,fe_black_female_case_lpm_bw,-0.00909310177853695,0.00452710723544109
retaliatory_status::retaliatory,-0.00200039759033905,0.00382670298160878,-0.522747022685849,0.601152445380984,fe_black_female_case_lpm_bw,-0.00950073543429226,0.00549994025361416
