n_cases,retaliatory_share,plausibly_retaliatory_share,non_retaliatory_share,mean_case_p_black,mean_case_p_white
275755,0.16689089953038,0.152479556127722,0.680629544341898,0.570005899811493,0.355085313087815
