filing_rate_eb_pre_covid_cuts,n_cases,retaliatory_share,plausibly_retaliatory_share,non_retaliatory_share,mean_case_p_black,mean_case_p_white
(0-5%],54875,0.106423690205011,0.117576309794989,0.776,0.581940578132531,0.348901827610861
(5-10%],47856,0.130140421263791,0.132794215981277,0.737065362754932,0.53125094968689,0.374499896581868
(10-20%],65107,0.130016741671402,0.141920223631868,0.72806303469673,0.55440527432191,0.360926391083034
20%+,105841,0.240020407970446,0.187677743029639,0.572301848999915,0.591812929985058,0.345378361124606
missing,2076,0.0404624277456647,0.0655105973025048,0.89402697495183,0.525388107638257,0.38269268089022
