num_units_bin,sd_resid,n
1,0.118396124245688,71196
2-5,0.0994341172085061,37431
21-50,0.12882839988479,2135
51+,0.123963627913202,1352
6-20,0.105204332119433,3884
